id,first_name,last_name,email,gender,ip_address
1,Manny,Agnew,magnew0@hexun.com,Male,15.80.136.128
2,Davita,Anger,danger1@cbc.ca,Female,192.242.230.184
3,Reinhold,Hysom,rhysom2@wikipedia.org,Male,130.145.189.201
4,Fallon,Sclanders,fsclanders3@wufoo.com,Female,129.177.84.54
5,Hamil,Berrygun,hberrygun4@unesco.org,Male,57.110.124.27
6,Dorie,Folomin,dfolomin5@blogger.com,Male,141.209.150.85
7,Chevalier,Berardt,cberardt6@senate.gov,Male,227.141.158.153
8,Cornelia,Fealy,cfealy7@youtu.be,Female,227.235.213.188
9,Ursula,Cicci,ucicci8@issuu.com,Female,15.238.29.197
10,Dionysus,Heartfield,dheartfield9@tumblr.com,Male,52.187.137.162
